District,Similar District 1,Similar District 2,Similar District 3,Similar District 4,Similar District 5
Anderson County,Roane County,Clinton City,Hickman County,Elizabethton City,Sullivan County
Clinton City,Anderson County,Roane County,Grainger County,Morgan County,Sullivan County
Oak Ridge City,Alcoa City,Greeneville City,Etowah City,Tullahoma City,Athens City
Bedford County,Hamblen County,Cleveland City,Lebanon SSD,Lenoir City,Warren County
Benton County,Wayne County,Bradford SSD,Sullivan County,Anderson County,Elizabethton City
Bledsoe County,Jackson County,Carter County,Hickman County,Macon County,Clay County
Blount County,Jefferson County,Monroe County,Union County,Bradley County,Washington County
Alcoa City,Oak Ridge City,Sevier County,Tullahoma City,Blount County,Bartlett City
Maryville City,Blount County,Moore County,Tullahoma City,Johnson City,Bristol City
Bradley County,McMinn County,Rhea County,Blount County,Dyer County,Polk County
Cleveland City,Warren County,Lebanon SSD,Hamblen County,Lenoir City,Dayton City
Campbell County,Morgan County,Scott County,Monroe County,Union County,Claiborne County
Cannon County,Smith County,Cumberland County,Trousdale County,White County,Clay County
Hollow Rock - Bruceton,Meigs County,Jackson County,Greene County,Hardin County,Grundy County
Huntingdon SSD,Milan SSD,Benton County,Weakley County,Tipton County,Paris SSD
McKenzie SSD,Weakley County,Obion County,Gibson County SSD,Dyer County,Trenton SSD
South Carroll SSD,Obion County,Bradford SSD,Weakley County,Henry County,Van Buren County
West Carroll SSD,Sequatchie County,Perry County,Houston County,Roane County,Lauderdale County
Carter County,Hickman County,Perry County,Hawkins County,Hardin County,Greene County
Elizabethton City,Bristol City,Hawkins County,Sullivan County,Newport City,Washington County
Cheatham County,Humphreys County,Dickson County,Stewart County,Washington County,Franklin County
Chester County,Arlington City,Germantown City,Bartlett City,Bradley County,McNairy County
Claiborne County,Union County,Morgan County,Campbell County,Monroe County,Scott County
Clay County,Fentress County,Cumberland County,Cannon County,Trousdale County,Smith County
Cocke County,Hawkins County,Sullivan County,Greene County,Clay County,Fentress County
Newport City,Elizabethton City,Rogersville City,Bristol City,Hawkins County,Washington County
Coffee County,Lawrence County,Franklin County,Lincoln County,Marshall County,Giles County
Manchester City,Franklin SSD,Greeneville City,Oak Ridge City,Tullahoma City,Murfreesboro City
Tullahoma City,Moore County,Bristol City,Franklin County,Elizabethton City,Coffee County
Crockett County,Alamo City,Trenton SSD,McKenzie SSD,Loudon County,Dyer County
Alamo City,Crockett County,Trenton SSD,Loudon County,Dayton City,DeKalb County
Bells City,Hamblen County,Cleveland City,Lebanon SSD,Lenoir City,Bedford County
Cumberland County,Cannon County,Smith County,Macon County,White County,Trousdale County
Davidson County,Shelby County,Hamilton County,Rutherford County,Knox County,Murfreesboro City
Decatur County,Hardin County,Meigs County,Greene County,Sullivan County,Trousdale County
DeKalb County,Loudon County,Macon County,Robertson County,Dayton City,Cumberland County
Dickson County,Cheatham County,Houston County,Humphreys County,Stewart County,Franklin County
Dyer County,Henry County,Weakley County,Oneida SSD,Bradley County,McKenzie SSD
Dyersburg City,Lake County,Milan SSD,Hardeman County,Trenton SSD,Fayette County
Fayette County,Haywood County,Jackson-Madison County,Hardeman County,Dyersburg City,Trenton SSD
Fentress County,Clay County,Van Buren County,Pickett County,White County,Cumberland County
Franklin County,Lincoln County,Coffee County,Lawrence County,Lewis County,Giles County
Humboldt City,Haywood County,Hardeman County,Dyersburg City,Jackson-Madison County,Fayette County
Milan SSD,Huntingdon SSD,Dyersburg City,Trousdale County,Tipton County,Paris SSD
Trenton SSD,Henry County,Weakley County,Obion County,McKenzie SSD,Fayetteville City
Bradford SSD,South Carroll SSD,Van Buren County,Benton County,Obion County,Lake County
Gibson County SSD,McKenzie SSD,Weakley County,McNairy County,Obion County,Dyer County
Giles County,Lincoln County,Franklin County,Coffee County,Marshall County,Lawrence County
Grainger County,Monroe County,Morgan County,Campbell County,Union County,Cumberland County
Greene County,Sullivan County,Hawkins County,Cocke County,White County,Cumberland County
Greeneville City,Oak Ridge City,Kingsport City,Alcoa City,Bristol City,Tullahoma City
Grundy County,Meigs County,Hancock County,Jackson County,Fentress County,Cocke County
Hamblen County,Lenoir City,Bedford County,Cleveland City,Lebanon SSD,Bells City
Hamilton County,Rutherford County,Knox County,Maury County,Johnson City,Sevier County
Hancock County,Johnson County,Jackson County,Grundy County,Cocke County,Meigs County
Hardeman County,Fayette County,Haywood County,Jackson-Madison County,Dyersburg City,Lake County
Hardin County,Hickman County,Decatur County,Clay County,Greene County,Carter County
Hawkins County,Sullivan County,Elizabethton City,Cocke County,Bristol City,Washington County
Rogersville City,Newport City,Washington County,Hawkins County,Bristol City,Blount County
Haywood County,Fayette County,Jackson-Madison County,Hardeman County,Dyersburg City,Lexington City
Henderson County,McNairy County,Weakley County,Pickett County,Obion County,Marion County
Lexington City,Trenton SSD,Athens City,Henry County,Fayetteville City,Henderson County
Henry County,Weakley County,Dyer County,Obion County,South Carroll SSD,Trenton SSD
Paris SSD,South Carroll SSD,Huntingdon SSD,Obion County,Milan SSD,Bradford SSD
Hickman County,Perry County,Hardin County,Franklin County,Lewis County,Carter County
Houston County,Dickson County,Stewart County,Humphreys County,Roane County,Cheatham County
Humphreys County,Cheatham County,Dickson County,Stewart County,Houston County,Franklin County
Jackson County,Clay County,Hancock County,Fentress County,Grundy County,Meigs County
Jefferson County,Loudon County,Blount County,Sevier County,Monroe County,Marshall County
Johnson County,Hancock County,Cocke County,Grundy County,Jackson County,Sullivan County
Knox County,Rutherford County,Hamilton County,Sumner County,Sevier County,Williamson County
Lake County,Dyersburg City,Bradford SSD,Johnson County,Paris SSD,South Carroll SSD
Lauderdale County,Millington City,Perry County,Milan SSD,West Carroll SSD,Hardin County
Lawrence County,Coffee County,Lincoln County,Franklin County,Smith County,Weakley County
Lewis County,Lincoln County,Franklin County,Overton County,Hickman County,Union County
Lincoln County,Franklin County,Lawrence County,Marshall County,Coffee County,Lewis County
Fayetteville City,Trenton SSD,Giles County,Maury County,Lawrence County,Coffee County
Loudon County,Jefferson County,Sevier County,Blount County,Johnson City,Marshall County
Lenoir City,Hamblen County,Cleveland City,Bedford County,Warren County,Bells City
McMinn County,Bradley County,Polk County,Marion County,Rhea County,Lincoln County
Athens City,Etowah City,Rhea County,Lexington City,Newport City,Dyersburg City
Etowah City,Athens City,Newport City,Carter County,Perry County,Clinton City
McNairy County,Henderson County,Weakley County,Tipton County,McKenzie SSD,Lawrence County
Macon County,Cumberland County,Cannon County,Putnam County,White County,Smith County
Jackson-Madison County,Fayette County,Haywood County,Hardeman County,Dyersburg City,Union City
Marion County,Polk County,McMinn County,Weakley County,Henderson County,Morgan County
Richard City,Marion County,Oneida SSD,Dyer County,Henry County,Bradley County
Marshall County,Lincoln County,Coffee County,Franklin County,Giles County,Jefferson County
Maury County,Coffee County,Johnson City,Fayetteville City,Franklin County,Marshall County
Meigs County,Grundy County,Greene County,Decatur County,Hollow Rock - Bruceton,Jackson County
Monroe County,Grainger County,Union County,Morgan County,Campbell County,Claiborne County
Sweetwater City,Grainger County,Clinton City,Hollow Rock - Bruceton,Greene County,Meigs County
Montgomery County,Dickson County,Bartlett City,Millington City,Sumner County,Alcoa City
Moore County,Coffee County,Tullahoma City,Wayne County,Lawrence County,Bristol City
Morgan County,Campbell County,Monroe County,Grainger County,Union County,Claiborne County
Obion County,Weakley County,South Carroll SSD,Henry County,McKenzie SSD,Henderson County
Union City,Trenton SSD,Fayette County,Crockett County,Lexington City,Fayetteville City
Overton County,Lewis County,Clay County,Union County,Cumberland County,Smith County
Perry County,Hickman County,Carter County,Houston County,Roane County,Lewis County
Pickett County,Smith County,White County,Fentress County,Henderson County,Cannon County
Polk County,Marion County,McMinn County,Campbell County,Morgan County,Monroe County
Putnam County,Warren County,Macon County,Unicoi County,Robertson County,DeKalb County
Rhea County,Bradley County,Jefferson County,McMinn County,Polk County,Marshall County
Dayton City,DeKalb County,Loudon County,Robertson County,Johnson City,Lebanon SSD
Roane County,Anderson County,Houston County,Hickman County,Union County,Carter County
Robertson County,Lebanon SSD,DeKalb County,Putnam County,Dayton City,Loudon County
Rutherford County,Sumner County,Knox County,Hamilton County,Robertson County,Wilson County
Murfreesboro City,Lebanon SSD,Robertson County,Johnson City,Cleveland City,Dayton City
Scott County,Campbell County,Claiborne County,Morgan County,Union County,Monroe County
Oneida SSD,Campbell County,Dyer County,Richard City,Blount County,Scott County
Sequatchie County,West Carroll SSD,Perry County,Houston County,Dickson County,Roane County
Sevier County,Jefferson County,Loudon County,Blount County,Johnson City,Rhea County
Shelby County,Davidson County,Hamilton County,Knox County,Rutherford County,Jackson-Madison County
Arlington City,Germantown City,Collierville City,Chester County,Bartlett City,Wilson County
Bartlett City,Collierville City,Chester County,Dickson County,Arlington City,Stewart County
Collierville City,Arlington City,Germantown City,Bartlett City,Wilson County,Chester County
Germantown City,Arlington City,Collierville City,Chester County,Wilson County,Bartlett City
Lakeland City,Collierville City,Wayne County,Huntingdon SSD,Decatur County,Bartlett City
Millington City,Lauderdale County,Warren County,Milan SSD,Alcoa City,Bartlett City
Smith County,Cannon County,Cumberland County,Pickett County,Trousdale County,White County
Stewart County,Houston County,Humphreys County,Cheatham County,Dickson County,Washington County
Sullivan County,Hawkins County,Elizabethton City,Greene County,Bristol City,Cocke County
Bristol City,Elizabethton City,Hawkins County,Sullivan County,Newport City,Washington County
Kingsport City,Bristol City,Elizabethton City,Sullivan County,Anderson County,Benton County
Sumner County,Wilson County,Cheatham County,Dickson County,Washington County,Robertson County
Tipton County,Henderson County,McNairy County,Trousdale County,Weakley County,Huntingdon SSD
Trousdale County,Cannon County,Smith County,Cumberland County,Clay County,White County
Unicoi County,Putnam County,Macon County,Warren County,Greene County,Johnson County
Union County,Monroe County,Claiborne County,Morgan County,Campbell County,Grainger County
Van Buren County,Fentress County,Clay County,Bradford SSD,South Carroll SSD,Trousdale County
Warren County,Putnam County,Macon County,Cleveland City,DeKalb County,Unicoi County
Washington County,Hawkins County,Elizabethton City,Cheatham County,Bristol City,Newport City
Johnson City,Loudon County,Maury County,Jefferson County,Sevier County,Marshall County
Wayne County,Benton County,Moore County,Decatur County,Tullahoma City,Sullivan County
Weakley County,Obion County,Henry County,McKenzie SSD,Dyer County,South Carroll SSD
White County,Cannon County,Smith County,Cumberland County,Pickett County,Trousdale County
Williamson County,Arlington City,Sumner County,Collierville City,Germantown City,Bartlett City
Franklin SSD,Manchester City,Oak Ridge City,Lenoir City,Murfreesboro City,Cleveland City
Wilson County,Sumner County,Gibson County SSD,Cheatham County,Lawrence County,Collierville City
Lebanon SSD,Murfreesboro City,Robertson County,Cleveland City,Dayton City,Warren County
Achievement School District,Humboldt City,Haywood County,Hardeman County,Jackson-Madison County,Fayette County
